Method,PSNRs (1),SSIMs (1),PSNRs (2),SSIMs (2),PSNRs (3),SSIMs (3),PSNRs (4),SSIMs (4),PSNRs (5),SSIMs (5)
NeRF (l=1),24.70516371298205,0.8841648618364439,20.618550129447243,0.8263050218428204,23.043960028171075,0.8298633024624636,23.84142506411331,0.8675990766085081,24.902254631029997,0.9415135877942765
Biharmonic,24.262190519595727,0.8906574922641841,22.89620919082733,0.8794558448006432,21.51157953440312,0.8361692980038941,25.765269420307234,0.8970268117877328,25.3934285340259,0.9453631871188798
FMM,25.41843534796076,0.894904050451201,22.012898245885317,0.8730289349401327,23.35439648777733,0.8398571980096449,24.42627429176015,0.892323433143407,23.644739792995892,0.9405835993230052
NS,25.464707882549156,0.8931855745306094,21.820275055402128,0.8698481057900326,23.30492070736402,0.8388177031663039,24.461746134248234,0.8911122529937247,23.39609599869547,0.9404081506495466
TV,25.463802873616327,0.881483416599719,22.182700167566125,0.8562733590502232,23.58882221863756,0.8299838082990635,25.184193407153796,0.881421100779821,23.549000140019857,0.9021215462612516
